USE [master]
GO
/****** Object:  Database [LuftbornDB]    Script Date: 3/26/2023 11:28:46 PM ******/
CREATE DATABASE [LuftbornDB]
GO
ALTER DATABASE [LuftbornDB] SET COMPATIBILITY_LEVEL = 150
GO
IF (1 = FULLTEXTSERVICEPROPERTY('IsFullTextInstalled'))
begin
EXEC [LuftbornDB].[dbo].[sp_fulltext_database] @action = 'enable'
end
GO
ALTER DATABASE [LuftbornDB] SET ANSI_NULL_DEFAULT OFF 
GO
ALTER DATABASE [LuftbornDB] SET ANSI_NULLS OFF 
GO
ALTER DATABASE [LuftbornDB] SET ANSI_PADDING OFF 
GO
ALTER DATABASE [LuftbornDB] SET ANSI_WARNINGS OFF 
GO
ALTER DATABASE [LuftbornDB] SET ARITHABORT OFF 
GO
ALTER DATABASE [LuftbornDB] SET AUTO_CLOSE OFF 
GO
ALTER DATABASE [LuftbornDB] SET AUTO_SHRINK OFF 
GO
ALTER DATABASE [LuftbornDB] SET AUTO_UPDATE_STATISTICS ON 
GO
ALTER DATABASE [LuftbornDB] SET CURSOR_CLOSE_ON_COMMIT OFF 
GO
ALTER DATABASE [LuftbornDB] SET CURSOR_DEFAULT  GLOBAL 
GO
ALTER DATABASE [LuftbornDB] SET CONCAT_NULL_YIELDS_NULL OFF 
GO
ALTER DATABASE [LuftbornDB] SET NUMERIC_ROUNDABORT OFF 
GO
ALTER DATABASE [LuftbornDB] SET QUOTED_IDENTIFIER OFF 
GO
ALTER DATABASE [LuftbornDB] SET RECURSIVE_TRIGGERS OFF 
GO
ALTER DATABASE [LuftbornDB] SET  DISABLE_BROKER 
GO
ALTER DATABASE [LuftbornDB] SET AUTO_UPDATE_STATISTICS_ASYNC OFF 
GO
ALTER DATABASE [LuftbornDB] SET DATE_CORRELATION_OPTIMIZATION OFF 
GO
ALTER DATABASE [LuftbornDB] SET TRUSTWORTHY OFF 
GO
ALTER DATABASE [LuftbornDB] SET ALLOW_SNAPSHOT_ISOLATION OFF 
GO
ALTER DATABASE [LuftbornDB] SET PARAMETERIZATION SIMPLE 
GO
ALTER DATABASE [LuftbornDB] SET READ_COMMITTED_SNAPSHOT OFF 
GO
ALTER DATABASE [LuftbornDB] SET HONOR_BROKER_PRIORITY OFF 
GO
ALTER DATABASE [LuftbornDB] SET RECOVERY SIMPLE 
GO
ALTER DATABASE [LuftbornDB] SET  MULTI_USER 
GO
ALTER DATABASE [LuftbornDB] SET PAGE_VERIFY CHECKSUM  
GO
ALTER DATABASE [LuftbornDB] SET DB_CHAINING OFF 
GO
ALTER DATABASE [LuftbornDB] SET FILESTREAM( NON_TRANSACTED_ACCESS = OFF ) 
GO
ALTER DATABASE [LuftbornDB] SET TARGET_RECOVERY_TIME = 60 SECONDS 
GO
ALTER DATABASE [LuftbornDB] SET DELAYED_DURABILITY = DISABLED 
GO
ALTER DATABASE [LuftbornDB] SET ACCELERATED_DATABASE_RECOVERY = OFF  
GO
ALTER DATABASE [LuftbornDB] SET QUERY_STORE = OFF
GO
USE [LuftbornDB]
GO
/****** Object:  Table [dbo].[Category]    Script Date: 3/26/2023 11:28:47 PM ******/
SET ANSI_NULLS ON
GO
SET QUOTED_IDENTIFIER ON
GO
CREATE TABLE [dbo].[Category](
	[ID] [int] IDENTITY(1,1) NOT NULL,
	[Name] [nvarchar](200) NOT NULL,
	[IsDeleted] [bit] NOT NULL,
 CONSTRAINT [PK_Category] PRIMARY KEY CLUSTERED 
(
	[ID] ASC
)WITH (PAD_INDEX = OFF, STATISTICS_NORECOMPUTE = OFF, IGNORE_DUP_KEY = OFF, ALLOW_ROW_LOCKS = ON, ALLOW_PAGE_LOCKS = ON, OPTIMIZE_FOR_SEQUENTIAL_KEY = OFF) ON [PRIMARY]
) ON [PRIMARY]
GO
/****** Object:  Table [dbo].[CategoryTag]    Script Date: 3/26/2023 11:28:47 PM ******/
SET ANSI_NULLS ON
GO
SET QUOTED_IDENTIFIER ON
GO
CREATE TABLE [dbo].[CategoryTag](
	[CategoryID] [int] NOT NULL,
	[TagID] [int] NOT NULL,
 CONSTRAINT [PK_CategoryTag] PRIMARY KEY CLUSTERED 
(
	[CategoryID] ASC,
	[TagID] ASC
)WITH (PAD_INDEX = OFF, STATISTICS_NORECOMPUTE = OFF, IGNORE_DUP_KEY = OFF, ALLOW_ROW_LOCKS = ON, ALLOW_PAGE_LOCKS = ON, OPTIMIZE_FOR_SEQUENTIAL_KEY = OFF) ON [PRIMARY]
) ON [PRIMARY]
GO
/****** Object:  Table [dbo].[Product]    Script Date: 3/26/2023 11:28:47 PM ******/
SET ANSI_NULLS ON
GO
SET QUOTED_IDENTIFIER ON
GO
CREATE TABLE [dbo].[Product](
	[ID] [int] IDENTITY(1,1) NOT NULL,
	[Title] [varchar](200) NOT NULL,
	[Desc] [varchar](max) NOT NULL,
	[Price] [float] NOT NULL,
	[AddedDate] [date] NOT NULL,
	[Quantity] [int] NOT NULL,
	[CategoryID] [int] NOT NULL,
	[IsDeleted] [bit] NOT NULL,
 CONSTRAINT [PK_Product] PRIMARY KEY CLUSTERED 
(
	[ID] ASC
)WITH (PAD_INDEX = OFF, STATISTICS_NORECOMPUTE = OFF, IGNORE_DUP_KEY = OFF, ALLOW_ROW_LOCKS = ON, ALLOW_PAGE_LOCKS = ON, OPTIMIZE_FOR_SEQUENTIAL_KEY = OFF) ON [PRIMARY]
) ON [PRIMARY] TEXTIMAGE_ON [PRIMARY]
GO
/****** Object:  Table [dbo].[ProductTag]    Script Date: 3/26/2023 11:28:47 PM ******/
SET ANSI_NULLS ON
GO
SET QUOTED_IDENTIFIER ON
GO
CREATE TABLE [dbo].[ProductTag](
	[ProductID] [int] NOT NULL,
	[TagID] [int] NOT NULL,
 CONSTRAINT [PK_ProductTag] PRIMARY KEY CLUSTERED 
(
	[ProductID] ASC,
	[TagID] ASC
)WITH (PAD_INDEX = OFF, STATISTICS_NORECOMPUTE = OFF, IGNORE_DUP_KEY = OFF, ALLOW_ROW_LOCKS = ON, ALLOW_PAGE_LOCKS = ON, OPTIMIZE_FOR_SEQUENTIAL_KEY = OFF) ON [PRIMARY]
) ON [PRIMARY]
GO
/****** Object:  Table [dbo].[Role]    Script Date: 3/26/2023 11:28:47 PM ******/
SET ANSI_NULLS ON
GO
SET QUOTED_IDENTIFIER ON
GO
CREATE TABLE [dbo].[Role](
	[ID] [int] IDENTITY(1,1) NOT NULL,
	[Name] [nvarchar](50) NOT NULL,
 CONSTRAINT [PK_Role] PRIMARY KEY CLUSTERED 
(
	[ID] ASC
)WITH (PAD_INDEX = OFF, STATISTICS_NORECOMPUTE = OFF, IGNORE_DUP_KEY = OFF, ALLOW_ROW_LOCKS = ON, ALLOW_PAGE_LOCKS = ON, OPTIMIZE_FOR_SEQUENTIAL_KEY = OFF) ON [PRIMARY]
) ON [PRIMARY]
GO
/****** Object:  Table [dbo].[Tag]    Script Date: 3/26/2023 11:28:47 PM ******/
SET ANSI_NULLS ON
GO
SET QUOTED_IDENTIFIER ON
GO
CREATE TABLE [dbo].[Tag](
	[ID] [int] IDENTITY(1,1) NOT NULL,
	[Name] [varchar](200) NOT NULL,
 CONSTRAINT [PK_Tag] PRIMARY KEY CLUSTERED 
(
	[ID] ASC
)WITH (PAD_INDEX = OFF, STATISTICS_NORECOMPUTE = OFF, IGNORE_DUP_KEY = OFF, ALLOW_ROW_LOCKS = ON, ALLOW_PAGE_LOCKS = ON, OPTIMIZE_FOR_SEQUENTIAL_KEY = OFF) ON [PRIMARY]
) ON [PRIMARY]
GO
/****** Object:  Table [dbo].[User]    Script Date: 3/26/2023 11:28:47 PM ******/
SET ANSI_NULLS ON
GO
SET QUOTED_IDENTIFIER ON
GO
CREATE TABLE [dbo].[User](
	[ID] [int] IDENTITY(1,1) NOT NULL,
	[UserName] [varchar](256) NOT NULL,
	[PasswordHash] [varbinary](max) NOT NULL,
	[PasswordSault] [varbinary](max) NOT NULL,
 CONSTRAINT [PK_User] PRIMARY KEY CLUSTERED 
(
	[ID] ASC
)WITH (PAD_INDEX = OFF, STATISTICS_NORECOMPUTE = OFF, IGNORE_DUP_KEY = OFF, ALLOW_ROW_LOCKS = ON, ALLOW_PAGE_LOCKS = ON, OPTIMIZE_FOR_SEQUENTIAL_KEY = OFF) ON [PRIMARY]
) ON [PRIMARY] TEXTIMAGE_ON [PRIMARY]
GO
/****** Object:  Table [dbo].[UserRole]    Script Date: 3/26/2023 11:28:47 PM ******/
SET ANSI_NULLS ON
GO
SET QUOTED_IDENTIFIER ON
GO
CREATE TABLE [dbo].[UserRole](
	[UserID] [int] NOT NULL,
	[RoleID] [int] NOT NULL,
 CONSTRAINT [PK_UserRole] PRIMARY KEY CLUSTERED 
(
	[UserID] ASC,
	[RoleID] ASC
)WITH (PAD_INDEX = OFF, STATISTICS_NORECOMPUTE = OFF, IGNORE_DUP_KEY = OFF, ALLOW_ROW_LOCKS = ON, ALLOW_PAGE_LOCKS = ON, OPTIMIZE_FOR_SEQUENTIAL_KEY = OFF) ON [PRIMARY]
) ON [PRIMARY]
GO
SET IDENTITY_INSERT [dbo].[Category] ON 
GO
INSERT [dbo].[Category] ([ID], [Name], [IsDeleted]) VALUES (1, N'cat1', 1)
GO
INSERT [dbo].[Category] ([ID], [Name], [IsDeleted]) VALUES (2, N'cat2', 0)
GO
INSERT [dbo].[Category] ([ID], [Name], [IsDeleted]) VALUES (3, N'cat3', 0)
GO
INSERT [dbo].[Category] ([ID], [Name], [IsDeleted]) VALUES (4, N'category4', 0)
GO
INSERT [dbo].[Category] ([ID], [Name], [IsDeleted]) VALUES (1002, N'mobile', 0)
GO
INSERT [dbo].[Category] ([ID], [Name], [IsDeleted]) VALUES (1003, N'cate1', 0)
GO
INSERT [dbo].[Category] ([ID], [Name], [IsDeleted]) VALUES (1004, N'laptop', 0)
GO
SET IDENTITY_INSERT [dbo].[Category] OFF
GO
INSERT [dbo].[CategoryTag] ([CategoryID], [TagID]) VALUES (1, 1)
GO
INSERT [dbo].[CategoryTag] ([CategoryID], [TagID]) VALUES (1, 2)
GO
INSERT [dbo].[CategoryTag] ([CategoryID], [TagID]) VALUES (1, 3)
GO
INSERT [dbo].[CategoryTag] ([CategoryID], [TagID]) VALUES (2, 3)
GO
INSERT [dbo].[CategoryTag] ([CategoryID], [TagID]) VALUES (2, 4)
GO
INSERT [dbo].[CategoryTag] ([CategoryID], [TagID]) VALUES (2, 1003)
GO
INSERT [dbo].[CategoryTag] ([CategoryID], [TagID]) VALUES (2, 1004)
GO
INSERT [dbo].[CategoryTag] ([CategoryID], [TagID]) VALUES (3, 4)
GO
INSERT [dbo].[CategoryTag] ([CategoryID], [TagID]) VALUES (4, 1)
GO
INSERT [dbo].[CategoryTag] ([CategoryID], [TagID]) VALUES (4, 2)
GO
INSERT [dbo].[CategoryTag] ([CategoryID], [TagID]) VALUES (1002, 1)
GO
INSERT [dbo].[CategoryTag] ([CategoryID], [TagID]) VALUES (1002, 1002)
GO
INSERT [dbo].[CategoryTag] ([CategoryID], [TagID]) VALUES (1002, 1007)
GO
INSERT [dbo].[CategoryTag] ([CategoryID], [TagID]) VALUES (1003, 1)
GO
INSERT [dbo].[CategoryTag] ([CategoryID], [TagID]) VALUES (1003, 2)
GO
INSERT [dbo].[CategoryTag] ([CategoryID], [TagID]) VALUES (1003, 3)
GO
INSERT [dbo].[CategoryTag] ([CategoryID], [TagID]) VALUES (1003, 1004)
GO
INSERT [dbo].[CategoryTag] ([CategoryID], [TagID]) VALUES (1004, 2)
GO
INSERT [dbo].[CategoryTag] ([CategoryID], [TagID]) VALUES (1004, 1003)
GO
SET IDENTITY_INSERT [dbo].[Product] ON 
GO
INSERT [dbo].[Product] ([ID], [Title], [Desc], [Price], [AddedDate], [Quantity], [CategoryID], [IsDeleted]) VALUES (2, N'product1', N'desc', 10, CAST(N'2023-03-11' AS Date), 5, 1, 1)
GO
INSERT [dbo].[Product] ([ID], [Title], [Desc], [Price], [AddedDate], [Quantity], [CategoryID], [IsDeleted]) VALUES (1002, N'phone', N'desc', 3000, CAST(N'2023-03-13' AS Date), 20, 1002, 0)
GO
INSERT [dbo].[Product] ([ID], [Title], [Desc], [Price], [AddedDate], [Quantity], [CategoryID], [IsDeleted]) VALUES (1003, N'product2', N'desc', 3000, CAST(N'2023-03-13' AS Date), 20, 2, 0)
GO
INSERT [dbo].[Product] ([ID], [Title], [Desc], [Price], [AddedDate], [Quantity], [CategoryID], [IsDeleted]) VALUES (1004, N'product3', N'desc', 3000, CAST(N'2023-03-13' AS Date), 20, 3, 0)
GO
INSERT [dbo].[Product] ([ID], [Title], [Desc], [Price], [AddedDate], [Quantity], [CategoryID], [IsDeleted]) VALUES (1005, N'product4', N'desc', 3000, CAST(N'2023-03-13' AS Date), 20, 1002, 0)
GO
INSERT [dbo].[Product] ([ID], [Title], [Desc], [Price], [AddedDate], [Quantity], [CategoryID], [IsDeleted]) VALUES (1006, N'tv', N'desc', 3000, CAST(N'2023-03-13' AS Date), 20, 4, 0)
GO
INSERT [dbo].[Product] ([ID], [Title], [Desc], [Price], [AddedDate], [Quantity], [CategoryID], [IsDeleted]) VALUES (1007, N'ipad', N'desc', 5000, CAST(N'2023-03-25' AS Date), 20, 1002, 0)
GO
SET IDENTITY_INSERT [dbo].[Product] OFF
GO
INSERT [dbo].[ProductTag] ([ProductID], [TagID]) VALUES (2, 2)
GO
INSERT [dbo].[ProductTag] ([ProductID], [TagID]) VALUES (2, 3)
GO
INSERT [dbo].[ProductTag] ([ProductID], [TagID]) VALUES (1002, 1)
GO
INSERT [dbo].[ProductTag] ([ProductID], [TagID]) VALUES (1002, 1002)
GO
INSERT [dbo].[ProductTag] ([ProductID], [TagID]) VALUES (1002, 1007)
GO
INSERT [dbo].[ProductTag] ([ProductID], [TagID]) VALUES (1007, 1)
GO
INSERT [dbo].[ProductTag] ([ProductID], [TagID]) VALUES (1007, 1007)
GO
SET IDENTITY_INSERT [dbo].[Role] ON 
GO
INSERT [dbo].[Role] ([ID], [Name]) VALUES (1, N'admin     ')
GO
INSERT [dbo].[Role] ([ID], [Name]) VALUES (2, N'manager   ')
GO
INSERT [dbo].[Role] ([ID], [Name]) VALUES (3, N'customer  ')
GO
SET IDENTITY_INSERT [dbo].[Role] OFF
GO
SET IDENTITY_INSERT [dbo].[Tag] ON 
GO
INSERT [dbo].[Tag] ([ID], [Name]) VALUES (1, N'tag1')
GO
INSERT [dbo].[Tag] ([ID], [Name]) VALUES (2, N'tag2')
GO
INSERT [dbo].[Tag] ([ID], [Name]) VALUES (3, N'tag3')
GO
INSERT [dbo].[Tag] ([ID], [Name]) VALUES (4, N'tag4')
GO
INSERT [dbo].[Tag] ([ID], [Name]) VALUES (1002, N'tag1002')
GO
INSERT [dbo].[Tag] ([ID], [Name]) VALUES (1003, N'tag1003')
GO
INSERT [dbo].[Tag] ([ID], [Name]) VALUES (1004, N'tag1004')
GO
INSERT [dbo].[Tag] ([ID], [Name]) VALUES (1005, N'tag1005')
GO
INSERT [dbo].[Tag] ([ID], [Name]) VALUES (1006, N'tag1006')
GO
INSERT [dbo].[Tag] ([ID], [Name]) VALUES (1007, N'tag1007')
GO
SET IDENTITY_INSERT [dbo].[Tag] OFF
GO
SET IDENTITY_INSERT [dbo].[User] ON 
GO
INSERT [dbo].[User] ([ID], [UserName], [PasswordHash], [PasswordSault]) VALUES (1, N'mahmoud', 0x2232FC8B5E94AF6364967E5C46264DC72D1BB7E7EEFB347D85D960F0578C41CED4B3DFC9A5A2620A0AEE4B2AED242BD27B8E88A0A743D6013A72CE5A9C67739D, 0x765427E4309F396CD6BE374BC58242FE0AAACA932C9B4294038C1F456EFD8E3E691C0E1C76721AB8EDE75F00385AABFDD8D8F309CA057B1F8C7E6A46AEF60150924D9B65E51AC8345F059494BF006006A6F635B9F1A9EA0C3A6E47CC74B3FEAC30B8E6929F9A3F0D99A6D15EC74300810680E8AA4F32BFBFB929D7A6497B13B6)
GO
INSERT [dbo].[User] ([ID], [UserName], [PasswordHash], [PasswordSault]) VALUES (2, N'admin', 0xF990BC2B8F58ECE476D96F45F2B232F48D9CB6B547C590E2A6C99B888C134C32C85850AA215A29FF8B99BC786506E9C203A179109CD5BCD239307252D5E035C8, 0x9BEC50CDD40B1949E60E88CFC78583966C63D2649FC0EE4E0CF1B6D62EA626105C436D29A158953C3B518F81426C55E4EED87646E8C45CDDB4BBF03D89B95C7210D991C93E1E8B774CF182BB6385BAE4B624681559479AFE557C7F2DC7AD20CF57996FC3751C3888C6CA3E8E7975ADE3416981137E21EF703EABEE464E6F3C31)
GO
INSERT [dbo].[User] ([ID], [UserName], [PasswordHash], [PasswordSault]) VALUES (3, N'manager', 0xA99A245DBF0D76E10FA25FF09288A93D353B6C7BEA398C97EED0A57A20EBFDE3D8074FA94D33D7834691AA8678003C3A9B0140F25830C5B3C816C2D0070380DD, 0xD6BC182F906BDF550DF77B05BA2011E90237BA05C8536C8A657B75DEC3CFC1FB09E0F5824C1868BB0564F09AB983BEA750C1B90D59F14F8B0F55EC7B698166DF516337085304FD2917C385FDE71A04D632F5F6BB14B6E78DC7BA96A4F95F2A4C32F5BF0CC0C0D2C628AD818920986295131B9B61B9D13098F21986200E9EE5EA)
GO
INSERT [dbo].[User] ([ID], [UserName], [PasswordHash], [PasswordSault]) VALUES (4, N'customer', 0xAEF2DD9674228E10300D8FA0F640F8A8238C56BFBF73E7FE45CA1A51CDB0F1D5F1F272450DB55D8E78B6514C0D97C79097FCEE9857AED6EDF4D4C26651F52BB6, 0x87FCEA755D9C9525849C92AB2D0BDB420B467ADF7FA775BBE95C0C7AD345C8DD6BB456633B3F08803E7F9E16DFCA125E317B795150378128E3E250ADCFA38E79B2872D9E9F4B6566B082CCB98D6B9ED7682F00BC079D473D0773E9F82A0F4C23A38FC26A06FD1C1384A2A265BC34CA0C8CAD690AB6BAD2D4D01163BF92906452)
GO
SET IDENTITY_INSERT [dbo].[User] OFF
GO
INSERT [dbo].[UserRole] ([UserID], [RoleID]) VALUES (2, 1)
GO
INSERT [dbo].[UserRole] ([UserID], [RoleID]) VALUES (3, 2)
GO
INSERT [dbo].[UserRole] ([UserID], [RoleID]) VALUES (4, 3)
GO
ALTER TABLE [dbo].[Category] ADD  CONSTRAINT [DF_Category_IsDeleted]  DEFAULT ((0)) FOR [IsDeleted]
GO
ALTER TABLE [dbo].[Product] ADD  CONSTRAINT [DF_Product_IsDeleted]  DEFAULT ((0)) FOR [IsDeleted]
GO
ALTER TABLE [dbo].[CategoryTag]  WITH CHECK ADD  CONSTRAINT [FK_CategoryTag_Category] FOREIGN KEY([CategoryID])
REFERENCES [dbo].[Category] ([ID])
GO
ALTER TABLE [dbo].[CategoryTag] CHECK CONSTRAINT [FK_CategoryTag_Category]
GO
ALTER TABLE [dbo].[CategoryTag]  WITH CHECK ADD  CONSTRAINT [FK_CategoryTag_Tag] FOREIGN KEY([TagID])
REFERENCES [dbo].[Tag] ([ID])
GO
ALTER TABLE [dbo].[CategoryTag] CHECK CONSTRAINT [FK_CategoryTag_Tag]
GO
ALTER TABLE [dbo].[Product]  WITH CHECK ADD  CONSTRAINT [FK_Product_Category] FOREIGN KEY([CategoryID])
REFERENCES [dbo].[Category] ([ID])
GO
ALTER TABLE [dbo].[Product] CHECK CONSTRAINT [FK_Product_Category]
GO
ALTER TABLE [dbo].[ProductTag]  WITH CHECK ADD  CONSTRAINT [FK_ProductTag_Product] FOREIGN KEY([ProductID])
REFERENCES [dbo].[Product] ([ID])
GO
ALTER TABLE [dbo].[ProductTag] CHECK CONSTRAINT [FK_ProductTag_Product]
GO
ALTER TABLE [dbo].[ProductTag]  WITH CHECK ADD  CONSTRAINT [FK_ProductTag_ProductTag] FOREIGN KEY([TagID])
REFERENCES [dbo].[Tag] ([ID])
GO
ALTER TABLE [dbo].[ProductTag] CHECK CONSTRAINT [FK_ProductTag_ProductTag]
GO
ALTER TABLE [dbo].[UserRole]  WITH CHECK ADD  CONSTRAINT [FK_UserRole_User] FOREIGN KEY([UserID])
REFERENCES [dbo].[User] ([ID])
GO
ALTER TABLE [dbo].[UserRole] CHECK CONSTRAINT [FK_UserRole_User]
GO
ALTER TABLE [dbo].[UserRole]  WITH CHECK ADD  CONSTRAINT [FK_UserRole_UserRole] FOREIGN KEY([RoleID])
REFERENCES [dbo].[Role] ([ID])
GO
ALTER TABLE [dbo].[UserRole] CHECK CONSTRAINT [FK_UserRole_UserRole]
GO
USE [master]
GO
ALTER DATABASE [LuftbornDB] SET  READ_WRITE 
GO
